Power_Target_W,D0,D1,D2,Irms_A,Power_Actual_W,Power_Error_W,Mode
100,0.93,0.02,0.9500000000000001,0.08599903100179936,98.7500000000005,1.2499999999995026,3
300,0.6,0.79,0.16,7.74645080020521,299.2500000000001,0.7499999999998863,4
500,0.75,0.74,0.01,11.370626448588196,499.2499999999998,0.7500000000002274,1
700,0.7000000000000001,0.63,0.02,15.253688078625443,698.25,1.75,1
1000,0.6,0.41000000000000003,0.03,22.082225601148085,998.2499999999999,1.7500000000001137,1
